Oliver E. Williamson

*** Born ***
<td><span class="nickname">Oliver Eaton Williamson</span><br><span style="display:none">(<span class="bday">1932-09-27</span>)</span> September 27, 1932 <span class="noprint ForceAgeToShow">(age 84)</span><br><span class="birthplace"><a href="/wiki/Superior,_Wisconsin" title="Superior, Wisconsin">Superior, Wisconsin</a></span></br></br></td>

*** Nationality ***
<td class="category"><a href="/wiki/United_States" title="United States">United States</a></td>

*** Institution ***
<td colspan="2" style="text-align:center"></td>

*** Field ***
<td><a href="/wiki/University_of_California,_Berkeley" title="University of California, Berkeley">University of California, Berkeley</a><br><a href="/wiki/Yale_University" title="Yale University">Yale University</a><br><a href="/wiki/University_of_Pennsylvania" title="University of Pennsylvania">University of Pennsylvania</a></br></br></td>

*** School or
tradition ***
<td class="category"><a href="/wiki/Microeconomics" title="Microeconomics">Microeconomics</a></td>

*** Alma mater ***
<td class="category"><a class="mw-redirect" href="/wiki/New_Institutional_Economics" title="New Institutional Economics">New Institutional Economics</a></td>

*** Influences ***
<td><a href="/wiki/Carnegie_Mellon_University" title="Carnegie Mellon University">Carnegie Mellon</a>, <small>(<a href="/wiki/Doctor_of_Philosophy" title="Doctor of Philosophy">Ph.D.</a> 1963)</small><br><a href="/wiki/Stanford_University" title="Stanford University">Stanford</a>, <small>(<a href="/wiki/Master_of_Business_Administration" title="Master of Business Administration">MBA</a> 1960)</small><br><a href="/wiki/Massachusetts_Institute_of_Technology" title="Massachusetts Institute of Technology">MIT</a>, <small>(<a class="mw-redirect" href="/wiki/Bachelor_of_Sciences" title="Bachelor of Sciences">B.Sc</a> 1955)</small></br></br></td>

*** Awards ***
<td><a href="/wiki/Chester_Barnard" title="Chester Barnard">Chester Barnard</a><br><a href="/wiki/Ronald_Coase" title="Ronald Coase">Ronald Coase</a><br><a href="/wiki/Richard_Cyert" title="Richard Cyert">Richard Cyert</a><br><a href="/wiki/Ian_Roderick_Macneil" title="Ian Roderick Macneil">Ian Roderick Macneil</a><br><a href="/wiki/Herbert_A._Simon" title="Herbert A. Simon">Herbert A. Simon</a><br><a href="/wiki/John_R._Commons" title="John R. Commons">John R. Commons</a></br></br></br></br></br></td>
