Thomas J. Sargent

*** Born ***
<td><span style="display:none">(<span class="bday">1943-07-19</span>)</span> July 19, 1943 <span class="noprint ForceAgeToShow">(age 74)</span><br><span class="birthplace"><a href="/wiki/Pasadena,_California" title="Pasadena, California">Pasadena, California</a>,</span></br></td>

*** Nationality ***
<td class="category">American</td>

*** Institution ***
<td colspan="2" style="text-align:center"></td>

*** Field ***
<td><a href="/wiki/Hoover_Institution" title="Hoover Institution">Hoover Institution</a><br><a href="/wiki/University_of_Minnesota" title="University of Minnesota">University of Minnesota</a><br><a href="/wiki/University_of_Chicago" title="University of Chicago">University of Chicago</a><br><a href="/wiki/Stanford_University" title="Stanford University">Stanford University</a><br><a href="/wiki/New_York_University" title="New York University">New York University</a><br><a href="/wiki/Singapore_Management_University" title="Singapore Management University">Singapore Management University</a></br></br></br></br></br></td>

*** Alma mater ***
<td class="category"><a href="/wiki/Macroeconomics" title="Macroeconomics">Macroeconomics</a>, <a href="/wiki/Monetary_economics" title="Monetary economics">monetary economics</a></td>

*** Doctoral
advisor ***
<td><a class="mw-redirect" href="/wiki/UC_Berkeley" title="UC Berkeley">UC Berkeley</a>, (BA)<br><a href="/wiki/Harvard_University" title="Harvard University">Harvard University</a>, (PhD)</br></td>

*** Doctoral
students ***
<td><a href="/wiki/John_R._Meyer" title="John R. Meyer">John R. Meyer</a></td>

*** Influences ***
<td><a class="new" href="/w/index.php?title=Robert_Litterman&amp;action=edit&amp;redlink=1" title="Robert Litterman (page does not exist)">Robert Litterman</a><br><a href="/wiki/Martin_Eichenbaum" title="Martin Eichenbaum">Martin Eichenbaum</a><br><a href="/wiki/Lawrence_J._Christiano" title="Lawrence J. Christiano">Lawrence J. Christiano</a><br><a href="/wiki/Danny_Quah" title="Danny Quah">Danny Quah</a><br><a class="new" href="/w/index.php?title=Andrew_Atkeson&amp;action=edit&amp;redlink=1" title="Andrew Atkeson (page does not exist)">Andrew Atkeson</a><br><a class="new" href="/w/index.php?title=Ellen_McGrattan&amp;action=edit&amp;redlink=1" title="Ellen McGrattan (page does not exist)">Ellen McGrattan</a><br><a href="/wiki/Sagiri_Kitao" title="Sagiri Kitao">Sagiri Kitao</a></br></br></br></br></br></br></td>

*** Awards ***
<td><a class="mw-redirect" href="/wiki/Robert_Lucas,_Jr." title="Robert Lucas, Jr.">Robert Lucas, Jr.</a><br><a href="/wiki/John_Muth" title="John Muth">John Muth</a></br></td>
